{"cameraMode":{"drawMode":0,"name":"Shaded","section":"Shading Mode"},"sceneLighting":true,"audioPlay":false,"sceneViewState":{"m_AlwaysRefresh":false,"showFog":true,"showSkybox":true,"showFlares":true,"showImageEffects":true,"showParticleSystems":true,"showVisualEffectGraphs":true,"m_FxEnabled":true},"in2DMode":false,"pivot":{"x":-41.63999938964844,"y":0.08000004291534424,"z":-0.12884032726287843},"rotation":{"x":-0.38756027817726138,"y":0.3876279592514038,"z":-0.18415269255638123,"w":-0.8158745765686035},"size":8.41971492767334,"orthographic":false}