{"cameraMode":{"drawMode":0,"name":"Shaded","section":"Shading Mode"},"sceneLighting":true,"audioPlay":false,"sceneViewState":{"m_AlwaysRefresh":false,"showFog":true,"showSkybox":true,"showFlares":true,"showImageEffects":true,"showParticleSystems":true,"showVisualEffectGraphs":true,"m_FxEnabled":true},"in2DMode":false,"pivot":{"x":455.1634826660156,"y":302.3330993652344,"z":-13.958404541015625},"rotation":{"x":0.015807826071977617,"y":0.006989032030105591,"z":-0.00009699067595647648,"w":0.9998633861541748},"size":222.2011260986328,"orthographic":false}