{"cameraMode":{"drawMode":0,"name":"Shaded","section":"Shading Mode"},"sceneLighting":true,"audioPlay":false,"sceneViewState":{"m_AlwaysRefresh":false,"showFog":true,"showSkybox":true,"showFlares":true,"showImageEffects":true,"showParticleSystems":true,"showVisualEffectGraphs":true,"m_FxEnabled":true},"in2DMode":false,"pivot":{"x":1.2232829332351685,"y":-1.2935211658477784,"z":0.9073343873023987},"rotation":{"x":0.19995585083961488,"y":-0.5366122722625732,"z":0.13263224065303803,"w":0.8089962005615234},"size":8.995226860046387,"orthographic":false}