{"cameraMode":{"drawMode":0,"name":"Shaded","section":"Shading Mode"},"sceneLighting":true,"audioPlay":false,"sceneViewState":{"m_AlwaysRefresh":false,"showFog":true,"showSkybox":true,"showFlares":true,"showImageEffects":true,"showParticleSystems":true,"showVisualEffectGraphs":true,"m_FxEnabled":true},"in2DMode":false,"pivot":{"x":419.17730712890627,"y":206.9653778076172,"z":419.952880859375},"rotation":{"x":-0.017689742147922517,"y":-0.006507402751594782,"z":-0.00012041941226925701,"w":0.9998261332511902},"size":453.54217529296877,"orthographic":false}