{"cameraMode":{"drawMode":0,"name":"Shaded","section":"Shading Mode"},"sceneLighting":true,"audioPlay":false,"sceneViewState":{"m_AlwaysRefresh":false,"showFog":true,"showSkybox":true,"showFlares":true,"showImageEffects":true,"showParticleSystems":true,"showVisualEffectGraphs":true,"m_FxEnabled":true},"in2DMode":false,"pivot":{"x":458.48797607421877,"y":234.11199951171876,"z":792.3977661132813},"rotation":{"x":0.006142038851976395,"y":0.005490362178534269,"z":-0.000044133164919912815,"w":0.9999711513519287},"size":629.9005737304688,"orthographic":false}